โปรแกรม,แพ็กเกจ,ราคา
Unlocktool,3 เดือน,730
Unlocktool,6 เดือน,1100
Unlocktool,12 เดือน,1700
Unlocktool,10 เครดิต,350
TSM TOOL PRO,3 เดือน,430
TSM TOOL PRO,1 ปี,800
TSM TOOL PRO,2 ปี,1200
Android Multi Tool (AMT),3 เดือน,450
Android Multi Tool (AMT),6 เดือน,730
Android Multi Tool (AMT),12 เดือน,1150
Pandora Digital - new ,12 เดือน,"2,700"
Pandora Digital - Renew,12 เดือน,"2,800"
RTC Tool,3 เดือน,650
RTC Tool,6 เดือน,770
RTC Tool,12 เดือน,1260
Digital Tool Rent (เช่า),Android Multitool (AMT) (2 ชั่วโมง),100
Digital Tool Rent (เช่า),UNLOCK TOOL (6 ชั่วโมง),150
Digital Tool Rent (เช่า),TSM-Tools (6 ชั่วโมง),130
Digital Tool Rent (เช่า),CF Tools ( 6 ชั่วโมง),120
Digital Tool Rent (เช่า),CHEETAH TOOL ( 6 ชั่วโมง) ,130
Digital Tool Rent (เช่า),Pandora Tool  (Login + Password)  (60 วัน),1200
Digital Tool Rent (เช่า),RTC Tool TOOL  (12ชั่วโมง),200
Digital Tool Rent (เช่า),TFM Tool (6 ชั่วโมง),200
Digital Tool Rent (เช่า),DFT Pro Tool (36 ชั่วโมง),200
Digital Tool Rent (เช่า),Griffin-Unlocker Tool (6 ชั่วโมง) Auto Api,160
Digital Tool Rent (เช่า),Griffin-Unlocker-Tool (Premium Account) Tool RENT ( 6 ชั่วโมง),180
Digital Tool Rent (เช่า),Hydra Tool Rent (2 ชั่วโมง) - iD + Password (Without Dongle) Server 2,180
Digital Tool Rent (เช่า),Kg Killer Tool Login (6 ชั่วโมง),150
Digital Tool Rent (เช่า),MDM FIX TOOL Auto instant  (6 ชั่วโมง),200
Digital Tool Rent (เช่า),MobileSea Tool [MST]  (Login + Password) (6 ชั่วโมง),120
Digital Tool Rent (เช่า),TR Tool (Login + Password) (24 ชั่วโมง),200
Chimera Tool,Basic (1 ปี),4000
Chimera Tool,Professional (1 ปี),5700
Chimera Tool,Premium (1 ปี),7100
O+Support,OnePlus Flash Otp,690
O+Support,Oppo Flash Otp,655
O+Support,Realme Flash Otp,510
RFT Loader,OnePlus Flash Otp,590
RFT Loader,Oppo Flash Otp,960
RFT Loader,Realme Flash Otp,370
OplusPro,OnePlus Flash Otp,720
OplusPro,Oppo Flash Otp,1000
OplusPro,Realme Flash Otp,350
Nice unlockertool Tool,3 เดือน,800
Nice unlockertool Tool,6 เดือน,1100
Nice unlockertool Tool,12 เดือน,1660
Samsung Tool KG Bypass,3 เดือน,1520
Samsung Tool KG Bypass,1 ปี,2520
GSM X Tool,1 ปี,1950
MDM FIX TOOL,3 เดือน,1350
MDM FIX TOOL,1 ปี,2370
AndroidWinTool  - AWT,1 เดือน,720
AndroidWinTool  - AWT,3 เดือน,1100
AndroidWinTool  - AWT,1 ปี,1420
AndroidWinTool  - AWT,10 เครดิต,360
KG KILLER TOOL,1 ปี,980
CHEETAH TOOL PRO,3 เดือน,975
CHEETAH TOOL PRO,6 เดือน,1345
CHEETAH TOOL PRO,1 ปี,1785
CHEETAH TOOL PRO,10 เครดิต,280
iBypasser Android Tool,1 เดือน,370
iBypasser Android Tool,3 เดือน,735
iBypasser Android Tool,6 เดือน,955
iBypasser Android Tool,12 เดือน,1210
S-Tool Pro,3 เดือน,975
S-Tool Pro,6 เดือน,1360
S-Tool Pro,12 เดือน,1730
Private Unlock Key Tool,1 ปี,810
Mobile Unlocker Tool,3 เดือน,390
Mobile Unlocker Tool,6 เดือน,575
Mobile Unlocker Tool,12 เดือน,975
Tera Tool,3 เดือน,830
Tera Tool,6 เดือน,1270
Tera Tool,1 ปี,2004
UFT-Tool,6 เดือน,805
UFT-Tool,1 ปี,1120
T-TOOL-PRO,1 ปี,1390
Z3X SamsTool Online Tool,(1 ปี- 1 Pc) [Without Box],1810
FDTool Pro,3 เดือน,555
FDTool Pro,6 เดือน,920
FDTool Pro,12 เดือน,1280
Canva Pro,1 เดือน,30
Canva Pro,3 เดือน,60
CF-Tools Renew,1 เดือน,305
CF-Tools Renew,3 เดือน,475
CF-Tools Renew,6 เดือน,680
CF-Tools Renew,12 เดือน,920
HYDRA TOOL,3 เดือน,735
HYDRA TOOL,6 เดือน,1020
HYDRA TOOL,12 เดือน,1565
HYDRA TOOL,10 เครดิต,330
HYDRA TOOL,20 เครดิต,635
HYDRA TOOL,50 เครดิต,1550
HYDRA TOOL,100 เครดิต,3050
TFM Tool Pro,3 เดือน,680
TFM Tool Pro,1 ปี,950
TFM Tool Pro,2 ปี,1475
TFM Tool Pro,10 เครดิต,290
Uni-Android Tool UAT PRO Renew,3 เดือน,500
Uni-Android Tool UAT PRO Renew,6 เดือน,860
Uni-Android Tool UAT PRO Renew,1 ปี,1100
Uni-Android Tool UAT PRO Renew,2 ปี,1650
Uni-Android Tool UAT PRO Activation,3 เดือน,475
Uni-Android Tool UAT PRO Activation,6 เดือน,730
Uni-Android Tool UAT PRO Activation,1 ปี,1280
Uni-Android Tool UAT PRO Activation,2 ปี,2015
Phoenix Service Tool NOKIA HMD TOOL,10 เครดิต,340
KGPROTOOL NEXT-GEN,3 เดือน,840
KGPROTOOL NEXT-GEN,6 เดือน,1235
KGPROTOOL NEXT-GEN,12 เดือน,1420
UMT Box/Dongle Activation 24x7 Auto Api,1 ปี,850
Griffin Unlocker Tool - Renew Account,3 เดือน,1100
Griffin Unlocker Tool - Renew Account,6 เดือน,1460
Griffin Unlocker Tool - Renew Account,12 เดือน,1825
Griffin Unlocker Tool - New Account,3 เดือน,1090
Griffin Unlocker Tool - New Account,6 เดือน,1460
Griffin Unlocker Tool - New Account,12 เดือน,1825
EFT Tool PRO - Without Dongle,1 เดือน,480
EFT Tool PRO - Without Dongle,3 เดือน,925
EFT Tool PRO - Without Dongle,6 เดือน,1475
EFT Tool PRO - Without Dongle,1 ปี,1290
DFT PRO- NEW USER,1 ปี,3055
DFT PRO - RENEWAL,1 ปี,3055
Arab FRP Tool,3 เดือน,520
Arab FRP Tool,6 เดือน,590
Arab FRP Tool,1 ปี,820
Arab FRP Tool,2 ปี,1055
DZKJ Repair Tool,15 วัน,20
DZKJ Repair Tool,3 เดือน,450
DZKJ Repair Tool,1 ปี,1400
DZKJ Repair Tool,3 ปี,2700
Best Unlocker Tool,3 เดือน,1250
Best Unlocker Tool,6 เดือน,1750
Best Unlocker Tool,1 ปี,2500
Best Unlocker Tool,10 เครดิต,230
Sigma Plus 3 - online License,3 วัน,460
Sigma Plus 3 - online License,1 เดือน,1350
Sigma Plus 3 - online License,3 เดือน,2400
Sigma Plus 6 - BOX /DONGLE,6 เดือน,1650
Sigma Plus 6 - BOX /DONGLE,1 ปี,2200
Phoenix Key,1 เดือน,100
Phoenix Key,3 เดือน,250
Phoenix Key,6 เดือน,400
Phoenix Key,12 เดือน,650
NCK Online Tool,1 เดือน,385
NCK Online Tool,3 เดือน,490
NCK Online Tool,6 เดือน,655
NCK Online Tool,1 ปี,980
NCK Online Tool,2 ปี,1500
BMT Pro License,1 ปี,1900
MOTO KING PRO,1 ปี,1700
Nooox Tool,1 ปี,890
